{
  "swagger" : "2.0",
  "info" : {
    "title" : "Creditor",
    "version" : "1.0.0",
    "description" : "Creditor"
  },
  "paths" : {
    "/AddCreditor" : {
      "post" : {
        "operationId" : "postAddCreditor",
        "responses" : {
          "200" : {
            "description" : "The operation was successful."
          }
        },
        "consumes" : [ "application/json" ],
        "produces" : [ "application/json" ],
        "description" : "Insert a AddCreditor",
        "parameters" : [ {
          "name" : "body",
          "in" : "body",
          "schema" : {
            "type" : "string"
          },
          "description" : "The request body for the operation",
          "required" : true
        } ]
      }
    },
    "/ShowCreditors" : {
      "get" : {
        "operationId" : "getShowCreditors",
        "responses" : {
          "200" : {
            "description" : "The operation was successful.",
            "schema" : {
              "type" : "string"
            }
          }
        },
        "produces" : [ "application/json" ],
        "description" : "Retrieve ShowCreditors"
      }
    },
    "/ReduceCreditor" : {
      "post" : {
        "operationId" : "postReduceCreditor",
        "responses" : {
          "200" : {
            "description" : "The operation was successful."
          }
        },
        "consumes" : [ "application/json" ],
        "produces" : [ "application/json" ],
        "description" : "Insert a ReduceCreditor",
        "parameters" : [ {
          "name" : "body",
          "in" : "body",
          "schema" : {
            "type" : "string"
          },
          "description" : "The request body for the operation",
          "required" : true
        } ]
      }
    }
  },
  "basePath" : "/creditor/v1"
}