{
  "swagger" : "2.0",
  "info" : {
    "title" : "Expenses",
    "version" : "1.0.0",
    "description" : "Expenses"
  },
  "paths" : {
    "/Expense" : {
      "post" : {
        "operationId" : "postExpense",
        "responses" : {
          "200" : {
            "description" : "The operation was successful."
          }
        },
        "consumes" : [ "application/json" ],
        "produces" : [ "application/json" ],
        "description" : "Insert a Expense",
        "parameters" : [ {
          "name" : "body",
          "in" : "body",
          "schema" : {
            "type" : "string"
          },
          "description" : "The request body for the operation",
          "required" : true
        } ]
      }
    }
  },
  "basePath" : "/expenses/v1"
}