{
  "swagger" : "2.0",
  "info" : {
    "title" : "Debtor",
    "version" : "1.0.0",
    "description" : "Debtor"
  },
  "paths" : {
    "/AddDebtor" : {
      "post" : {
        "operationId" : "postAddDebtor",
        "responses" : {
          "200" : {
            "description" : "The operation was successful."
          }
        },
        "consumes" : [ "application/json" ],
        "produces" : [ "application/json" ],
        "description" : "Insert a AddDebtor",
        "parameters" : [ {
          "name" : "body",
          "in" : "body",
          "schema" : {
            "type" : "string"
          },
          "description" : "The request body for the operation",
          "required" : true
        } ]
      }
    },
    "/ShowDebtors" : {
      "get" : {
        "operationId" : "getShowDebtors",
        "responses" : {
          "200" : {
            "description" : "The operation was successful.",
            "schema" : {
              "type" : "string"
            }
          }
        },
        "produces" : [ "application/json" ],
        "description" : "Retrieve ShowDebtors"
      }
    },
    "/ReduceDebtor" : {
      "post" : {
        "operationId" : "postReduceDebtor",
        "responses" : {
          "200" : {
            "description" : "The operation was successful."
          }
        },
        "consumes" : [ "application/json" ],
        "produces" : [ "application/json" ],
        "description" : "Insert a ReduceDebtor",
        "parameters" : [ {
          "name" : "body",
          "in" : "body",
          "schema" : {
            "type" : "string"
          },
          "description" : "The request body for the operation",
          "required" : true
        } ]
      }
    }
  },
  "basePath" : "/debtor/v1"
}