{
  "swagger" : "2.0",
  "info" : {
    "title" : "Liabilities",
    "version" : "1.0.0",
    "description" : "Liabilities"
  },
  "paths" : {
    "/GetLiabilities" : {
      "get" : {
        "operationId" : "getGetLiabilities",
        "responses" : {
          "200" : {
            "description" : "The operation was successful.",
            "schema" : {
              "type" : "string"
            }
          }
        },
        "produces" : [ "application/json" ],
        "description" : "Retrieve GetLiabilities"
      }
    },
    "/AddLiability" : {
      "post" : {
        "operationId" : "postAddLiability",
        "responses" : {
          "200" : {
            "description" : "The operation was successful."
          }
        },
        "consumes" : [ "application/json" ],
        "produces" : [ "application/json" ],
        "description" : "Insert a AddLiability",
        "parameters" : [ {
          "name" : "body",
          "in" : "body",
          "schema" : {
            "type" : "string"
          },
          "description" : "The request body for the operation",
          "required" : true
        } ]
      }
    }
  },
  "basePath" : "/liabilities/v1"
}